Minuto_Inicio,Hora_Inicio,Intervalo,Modo,Celda_Origen,Cantidad_Viajes
360,06:00,60 min,Auto,64,1
360,06:00,60 min,Auto,344,1
360,06:00,60 min,Auto,778,1
360,06:00,60 min,Auto,844,1
360,06:00,60 min,Auto,895,1
360,06:00,60 min,Metro,56,1
360,06:00,60 min,Metro,469,1
360,06:00,60 min,Metro,972,1
360,06:00,60 min,Bici,451,1
360,06:00,60 min,Bici,968,1
420,07:00,60 min,Auto,43,1
420,07:00,60 min,Auto,53,1
420,07:00,60 min,Auto,117,1
420,07:00,60 min,Auto,132,1
420,07:00,60 min,Auto,147,1
420,07:00,60 min,Auto,172,1
420,07:00,60 min,Auto,231,1
420,07:00,60 min,Auto,297,1
420,07:00,60 min,Auto,412,1
420,07:00,60 min,Auto,454,1
420,07:00,60 min,Auto,600,1
420,07:00,60 min,Auto,628,1
420,07:00,60 min,Auto,645,1
420,07:00,60 min,Auto,686,1
420,07:00,60 min,Auto,687,1
420,07:00,60 min,Auto,705,1
420,07:00,60 min,Auto,707,1
420,07:00,60 min,Auto,708,1
420,07:00,60 min,Auto,716,1
420,07:00,60 min,Auto,723,1
420,07:00,60 min,Auto,772,1
420,07:00,60 min,Auto,800,1
420,07:00,60 min,Auto,814,1
420,07:00,60 min,Auto,853,1
420,07:00,60 min,Auto,856,1
420,07:00,60 min,Auto,861,1
420,07:00,60 min,Auto,880,1
420,07:00,60 min,Auto,902,1
420,07:00,60 min,Auto,917,1
420,07:00,60 min,Auto,926,1
420,07:00,60 min,Auto,969,1
420,07:00,60 min,Auto,970,1
420,07:00,60 min,Metro,0,1
420,07:00,60 min,Metro,3,1
420,07:00,60 min,Metro,4,1
420,07:00,60 min,Metro,6,1
420,07:00,60 min,Metro,29,1
420,07:00,60 min,Metro,35,1
420,07:00,60 min,Metro,45,1
420,07:00,60 min,Metro,46,1
420,07:00,60 min,Metro,65,1
420,07:00,60 min,Metro,66,1
420,07:00,60 min,Metro,73,1
420,07:00,60 min,Metro,87,1
420,07:00,60 min,Metro,89,1
420,07:00,60 min,Metro,92,1
420,07:00,60 min,Metro,100,1
420,07:00,60 min,Metro,102,1
420,07:00,60 min,Metro,110,1
420,07:00,60 min,Metro,112,1
420,07:00,60 min,Metro,121,1
420,07:00,60 min,Metro,122,1
420,07:00,60 min,Metro,140,1
420,07:00,60 min,Metro,149,1
420,07:00,60 min,Metro,155,1
420,07:00,60 min,Metro,158,1
420,07:00,60 min,Metro,159,1
420,07:00,60 min,Metro,163,1
420,07:00,60 min,Metro,169,1
420,07:00,60 min,Metro,170,1
420,07:00,60 min,Metro,173,1
420,07:00,60 min,Metro,176,1
420,07:00,60 min,Metro,193,1
420,07:00,60 min,Metro,194,1
420,07:00,60 min,Metro,208,1
420,07:00,60 min,Metro,212,1
420,07:00,60 min,Metro,217,1
420,07:00,60 min,Metro,223,1
420,07:00,60 min,Metro,226,1
420,07:00,60 min,Metro,228,1
420,07:00,60 min,Metro,229,1
420,07:00,60 min,Metro,246,1
420,07:00,60 min,Metro,250,1
420,07:00,60 min,Metro,255,1
420,07:00,60 min,Metro,257,1
420,07:00,60 min,Metro,266,1
420,07:00,60 min,Metro,274,1
420,07:00,60 min,Metro,278,1
420,07:00,60 min,Metro,279,1
420,07:00,60 min,Metro,321,1
420,07:00,60 min,Metro,325,1
420,07:00,60 min,Metro,355,1
420,07:00,60 min,Metro,360,1
420,07:00,60 min,Metro,384,1
420,07:00,60 min,Metro,391,1
420,07:00,60 min,Metro,392,1
420,07:00,60 min,Metro,398,1
420,07:00,60 min,Metro,409,1
420,07:00,60 min,Metro,421,1
420,07:00,60 min,Metro,467,1
420,07:00,60 min,Metro,484,1
420,07:00,60 min,Metro,492,1
420,07:00,60 min,Metro,507,1
420,07:00,60 min,Metro,508,1
420,07:00,60 min,Metro,513,1
420,07:00,60 min,Metro,514,1
420,07:00,60 min,Metro,530,1
420,07:00,60 min,Metro,531,1
420,07:00,60 min,Metro,537,1
420,07:00,60 min,Metro,558,1
420,07:00,60 min,Metro,559,1
420,07:00,60 min,Metro,561,1
420,07:00,60 min,Metro,595,1
420,07:00,60 min,Metro,604,1
420,07:00,60 min,Metro,612,1
420,07:00,60 min,Metro,622,1
420,07:00,60 min,Metro,640,1
420,07:00,60 min,Metro,649,1
420,07:00,60 min,Metro,655,1
420,07:00,60 min,Metro,669,1
420,07:00,60 min,Metro,672,1
420,07:00,60 min,Metro,682,1
420,07:00,60 min,Metro,700,1
420,07:00,60 min,Metro,715,1
420,07:00,60 min,Metro,724,1
420,07:00,60 min,Metro,727,1
420,07:00,60 min,Metro,737,1
420,07:00,60 min,Metro,740,1
420,07:00,60 min,Metro,746,1
420,07:00,60 min,Metro,757,1
420,07:00,60 min,Metro,759,1
420,07:00,60 min,Metro,768,1
420,07:00,60 min,Metro,773,1
420,07:00,60 min,Metro,775,1
420,07:00,60 min,Metro,784,1
420,07:00,60 min,Metro,788,1
420,07:00,60 min,Metro,794,1
420,07:00,60 min,Metro,796,1
420,07:00,60 min,Metro,804,1
420,07:00,60 min,Metro,832,1
420,07:00,60 min,Metro,833,1
420,07:00,60 min,Metro,836,1
420,07:00,60 min,Metro,863,1
420,07:00,60 min,Metro,865,1
420,07:00,60 min,Metro,871,1
420,07:00,60 min,Metro,896,1
420,07:00,60 min,Metro,898,1
420,07:00,60 min,Metro,901,1
420,07:00,60 min,Metro,904,1
420,07:00,60 min,Metro,907,1
420,07:00,60 min,Metro,920,1
420,07:00,60 min,Metro,939,1
420,07:00,60 min,Metro,952,1
420,07:00,60 min,Metro,957,1
420,07:00,60 min,Metro,964,1
420,07:00,60 min,Metro,973,1
420,07:00,60 min,Metro,978,1
420,07:00,60 min,Metro,988,1
420,07:00,60 min,Metro,990,1
420,07:00,60 min,Metro,993,1
420,07:00,60 min,Metro,994,1
420,07:00,60 min,Metro,996,1
420,07:00,60 min,Metro,998,1
420,07:00,60 min,Metro,999,1
420,07:00,60 min,Bici,5,1
420,07:00,60 min,Bici,18,1
420,07:00,60 min,Bici,23,1
420,07:00,60 min,Bici,33,1
420,07:00,60 min,Bici,61,1
420,07:00,60 min,Bici,86,1
420,07:00,60 min,Bici,91,1
420,07:00,60 min,Bici,96,1
420,07:00,60 min,Bici,97,1
420,07:00,60 min,Bici,101,1
420,07:00,60 min,Bici,104,1
420,07:00,60 min,Bici,108,1
420,07:00,60 min,Bici,126,1
420,07:00,60 min,Bici,127,1
420,07:00,60 min,Bici,131,1
420,07:00,60 min,Bici,134,1
420,07:00,60 min,Bici,135,1
420,07:00,60 min,Bici,136,1
420,07:00,60 min,Bici,139,1
420,07:00,60 min,Bici,143,1
420,07:00,60 min,Bici,150,1
420,07:00,60 min,Bici,152,1
420,07:00,60 min,Bici,156,1
420,07:00,60 min,Bici,157,1
420,07:00,60 min,Bici,167,1
420,07:00,60 min,Bici,168,1
420,07:00,60 min,Bici,175,1
420,07:00,60 min,Bici,177,1
420,07:00,60 min,Bici,184,1
420,07:00,60 min,Bici,185,1
420,07:00,60 min,Bici,186,1
420,07:00,60 min,Bici,195,1
420,07:00,60 min,Bici,202,1
420,07:00,60 min,Bici,211,1
420,07:00,60 min,Bici,213,1
420,07:00,60 min,Bici,215,1
420,07:00,60 min,Bici,220,1
420,07:00,60 min,Bici,236,1
420,07:00,60 min,Bici,238,1
420,07:00,60 min,Bici,252,1
420,07:00,60 min,Bici,261,1
420,07:00,60 min,Bici,281,1
420,07:00,60 min,Bici,282,1
420,07:00,60 min,Bici,293,1
420,07:00,60 min,Bici,295,1
420,07:00,60 min,Bici,296,1
420,07:00,60 min,Bici,300,1
420,07:00,60 min,Bici,301,1
420,07:00,60 min,Bici,304,1
420,07:00,60 min,Bici,305,1
420,07:00,60 min,Bici,310,1
420,07:00,60 min,Bici,313,1
420,07:00,60 min,Bici,315,1
420,07:00,60 min,Bici,327,1
420,07:00,60 min,Bici,340,1
420,07:00,60 min,Bici,349,1
420,07:00,60 min,Bici,376,1
420,07:00,60 min,Bici,394,1
420,07:00,60 min,Bici,453,1
420,07:00,60 min,Bici,471,1
420,07:00,60 min,Bici,475,1
420,07:00,60 min,Bici,502,1
420,07:00,60 min,Bici,532,1
420,07:00,60 min,Bici,543,1
420,07:00,60 min,Bici,544,1
420,07:00,60 min,Bici,549,1
420,07:00,60 min,Bici,551,1
420,07:00,60 min,Bici,557,1
420,07:00,60 min,Bici,577,1
420,07:00,60 min,Bici,605,1
420,07:00,60 min,Bici,610,1
420,07:00,60 min,Bici,614,1
420,07:00,60 min,Bici,632,1
420,07:00,60 min,Bici,633,1
420,07:00,60 min,Bici,651,1
420,07:00,60 min,Bici,652,1
420,07:00,60 min,Bici,657,1
420,07:00,60 min,Bici,661,1
420,07:00,60 min,Bici,718,1
420,07:00,60 min,Bici,720,1
420,07:00,60 min,Bici,741,1
420,07:00,60 min,Bici,742,1
420,07:00,60 min,Bici,743,1
420,07:00,60 min,Bici,749,1
420,07:00,60 min,Bici,752,1
420,07:00,60 min,Bici,755,1
420,07:00,60 min,Bici,763,1
420,07:00,60 min,Bici,764,1
420,07:00,60 min,Bici,767,1
420,07:00,60 min,Bici,771,1
420,07:00,60 min,Bici,782,1
420,07:00,60 min,Bici,793,1
420,07:00,60 min,Bici,798,1
420,07:00,60 min,Bici,806,1
420,07:00,60 min,Bici,809,1
420,07:00,60 min,Bici,810,1
420,07:00,60 min,Bici,811,1
420,07:00,60 min,Bici,817,1
420,07:00,60 min,Bici,819,1
420,07:00,60 min,Bici,821,1
420,07:00,60 min,Bici,823,1
420,07:00,60 min,Bici,824,1
420,07:00,60 min,Bici,837,1
420,07:00,60 min,Bici,841,1
420,07:00,60 min,Bici,848,1
420,07:00,60 min,Bici,851,1
420,07:00,60 min,Bici,858,1
420,07:00,60 min,Bici,859,1
420,07:00,60 min,Bici,860,1
420,07:00,60 min,Bici,867,1
420,07:00,60 min,Bici,870,1
420,07:00,60 min,Bici,875,1
420,07:00,60 min,Bici,876,1
420,07:00,60 min,Bici,879,1
420,07:00,60 min,Bici,881,1
420,07:00,60 min,Bici,888,1
420,07:00,60 min,Bici,892,1
420,07:00,60 min,Bici,906,1
420,07:00,60 min,Bici,909,1
420,07:00,60 min,Bici,915,1
420,07:00,60 min,Bici,918,1
420,07:00,60 min,Bici,921,1
420,07:00,60 min,Bici,927,1
420,07:00,60 min,Bici,930,1
420,07:00,60 min,Bici,934,1
420,07:00,60 min,Bici,942,1
420,07:00,60 min,Bici,944,1
420,07:00,60 min,Bici,951,1
420,07:00,60 min,Bici,953,1
420,07:00,60 min,Bici,955,1
420,07:00,60 min,Bici,959,1
420,07:00,60 min,Bici,965,1
420,07:00,60 min,Bici,980,1
420,07:00,60 min,Bici,981,1
420,07:00,60 min,Bici,989,1
420,07:00,60 min,Caminata,260,1
420,07:00,60 min,Caminata,263,1
420,07:00,60 min,Caminata,276,1
420,07:00,60 min,Caminata,277,1
420,07:00,60 min,Caminata,285,1
420,07:00,60 min,Caminata,311,1
420,07:00,60 min,Caminata,316,1
420,07:00,60 min,Caminata,319,1
420,07:00,60 min,Caminata,322,1
420,07:00,60 min,Caminata,328,1
420,07:00,60 min,Caminata,329,1
420,07:00,60 min,Caminata,335,1
420,07:00,60 min,Caminata,342,1
420,07:00,60 min,Caminata,359,1
420,07:00,60 min,Caminata,378,1
420,07:00,60 min,Caminata,395,1
420,07:00,60 min,Caminata,403,1
420,07:00,60 min,Caminata,416,1
420,07:00,60 min,Caminata,417,1
420,07:00,60 min,Caminata,423,1
420,07:00,60 min,Caminata,436,1
420,07:00,60 min,Caminata,440,1
420,07:00,60 min,Caminata,441,1
420,07:00,60 min,Caminata,446,1
420,07:00,60 min,Caminata,450,1
420,07:00,60 min,Caminata,452,1
420,07:00,60 min,Caminata,456,1
420,07:00,60 min,Caminata,462,1
420,07:00,60 min,Caminata,468,1
420,07:00,60 min,Caminata,482,1
420,07:00,60 min,Caminata,494,1
420,07:00,60 min,Caminata,499,1
420,07:00,60 min,Caminata,509,1
420,07:00,60 min,Caminata,515,1
420,07:00,60 min,Caminata,520,1
420,07:00,60 min,Caminata,523,1
420,07:00,60 min,Caminata,538,1
420,07:00,60 min,Caminata,541,1
420,07:00,60 min,Caminata,548,1
420,07:00,60 min,Caminata,552,1
420,07:00,60 min,Caminata,556,1
420,07:00,60 min,Caminata,566,1
420,07:00,60 min,Caminata,567,1
420,07:00,60 min,Caminata,571,1
420,07:00,60 min,Caminata,576,1
420,07:00,60 min,Caminata,580,1
420,07:00,60 min,Caminata,583,1
420,07:00,60 min,Caminata,601,1
420,07:00,60 min,Caminata,615,1
420,07:00,60 min,Caminata,625,1
420,07:00,60 min,Caminata,627,1
420,07:00,60 min,Caminata,630,1
420,07:00,60 min,Caminata,644,1
420,07:00,60 min,Caminata,646,1
420,07:00,60 min,Caminata,648,1
420,07:00,60 min,Caminata,650,1
420,07:00,60 min,Caminata,663,1
420,07:00,60 min,Caminata,676,1
420,07:00,60 min,Caminata,681,1
420,07:00,60 min,Caminata,683,1
420,07:00,60 min,Caminata,684,1
420,07:00,60 min,Caminata,689,1
420,07:00,60 min,Caminata,710,1
420,07:00,60 min,Caminata,711,1
420,07:00,60 min,Caminata,726,1
420,07:00,60 min,Caminata,732,1
420,07:00,60 min,Caminata,735,1
480,08:00,60 min,Auto,9,1
480,08:00,60 min,Auto,14,1
480,08:00,60 min,Auto,19,1
480,08:00,60 min,Auto,20,1
480,08:00,60 min,Auto,22,1
480,08:00,60 min,Auto,26,1
480,08:00,60 min,Auto,31,1
480,08:00,60 min,Auto,32,1
480,08:00,60 min,Auto,34,1
480,08:00,60 min,Auto,38,1
480,08:00,60 min,Auto,39,1
480,08:00,60 min,Auto,47,1
480,08:00,60 min,Auto,48,1
480,08:00,60 min,Auto,49,1
480,08:00,60 min,Auto,52,1
480,08:00,60 min,Auto,59,1
480,08:00,60 min,Auto,60,1
480,08:00,60 min,Auto,63,1
480,08:00,60 min,Auto,69,1
480,08:00,60 min,Auto,72,1
480,08:00,60 min,Auto,74,1
480,08:00,60 min,Auto,75,1
480,08:00,60 min,Auto,76,1
480,08:00,60 min,Auto,88,1
480,08:00,60 min,Auto,98,1
480,08:00,60 min,Auto,113,1
480,08:00,60 min,Auto,116,1
480,08:00,60 min,Auto,118,1
480,08:00,60 min,Auto,124,1
480,08:00,60 min,Auto,130,1
480,08:00,60 min,Auto,142,1
480,08:00,60 min,Auto,145,1
480,08:00,60 min,Auto,148,1
480,08:00,60 min,Auto,153,1
480,08:00,60 min,Auto,164,1
480,08:00,60 min,Auto,166,1
480,08:00,60 min,Auto,178,1
480,08:00,60 min,Auto,179,1
480,08:00,60 min,Auto,181,1
480,08:00,60 min,Auto,182,1
480,08:00,60 min,Auto,207,1
480,08:00,60 min,Auto,209,1
480,08:00,60 min,Auto,214,1
480,08:00,60 min,Auto,216,1
480,08:00,60 min,Auto,221,1
480,08:00,60 min,Auto,225,1
480,08:00,60 min,Auto,227,1
480,08:00,60 min,Auto,233,1
480,08:00,60 min,Auto,242,1
480,08:00,60 min,Auto,243,1
480,08:00,60 min,Auto,245,1
480,08:00,60 min,Auto,249,1
480,08:00,60 min,Auto,259,1
480,08:00,60 min,Auto,264,1
480,08:00,60 min,Auto,268,1
480,08:00,60 min,Auto,271,1
480,08:00,60 min,Auto,275,1
480,08:00,60 min,Auto,280,1
480,08:00,60 min,Auto,286,1
480,08:00,60 min,Auto,289,1
480,08:00,60 min,Auto,291,1
480,08:00,60 min,Auto,292,1
480,08:00,60 min,Auto,303,1
480,08:00,60 min,Auto,317,1
480,08:00,60 min,Auto,318,1
480,08:00,60 min,Auto,332,1
480,08:00,60 min,Auto,339,1
480,08:00,60 min,Auto,346,1
480,08:00,60 min,Auto,348,1
480,08:00,60 min,Auto,375,1
480,08:00,60 min,Auto,377,1
480,08:00,60 min,Auto,379,1
480,08:00,60 min,Auto,380,1
480,08:00,60 min,Auto,381,1
480,08:00,60 min,Auto,389,1
480,08:00,60 min,Auto,397,1
480,08:00,60 min,Auto,400,1
480,08:00,60 min,Auto,406,1
480,08:00,60 min,Auto,410,1
480,08:00,60 min,Auto,411,1
480,08:00,60 min,Auto,415,1
480,08:00,60 min,Auto,420,1
480,08:00,60 min,Auto,424,1
480,08:00,60 min,Auto,432,1
480,08:00,60 min,Auto,442,1
480,08:00,60 min,Auto,487,1
480,08:00,60 min,Auto,491,1
480,08:00,60 min,Auto,496,1
480,08:00,60 min,Auto,505,1
480,08:00,60 min,Auto,517,1
480,08:00,60 min,Auto,519,1
480,08:00,60 min,Auto,536,1
480,08:00,60 min,Auto,563,1
480,08:00,60 min,Auto,568,1
480,08:00,60 min,Auto,581,1
480,08:00,60 min,Auto,585,1
480,08:00,60 min,Auto,588,1
480,08:00,60 min,Auto,599,1
480,08:00,60 min,Auto,607,1
480,08:00,60 min,Auto,613,1
480,08:00,60 min,Auto,616,1
480,08:00,60 min,Auto,618,1
480,08:00,60 min,Auto,621,1
480,08:00,60 min,Auto,624,1
480,08:00,60 min,Auto,631,1
480,08:00,60 min,Auto,638,1
480,08:00,60 min,Auto,641,1
480,08:00,60 min,Auto,654,1
480,08:00,60 min,Auto,659,1
480,08:00,60 min,Auto,665,1
480,08:00,60 min,Auto,670,1
480,08:00,60 min,Auto,679,1
480,08:00,60 min,Auto,680,1
480,08:00,60 min,Auto,690,1
480,08:00,60 min,Auto,701,1
480,08:00,60 min,Auto,702,1
480,08:00,60 min,Auto,706,1
480,08:00,60 min,Auto,712,1
480,08:00,60 min,Auto,730,1
480,08:00,60 min,Auto,731,1
480,08:00,60 min,Auto,747,1
480,08:00,60 min,Auto,748,1
480,08:00,60 min,Auto,751,1
480,08:00,60 min,Auto,758,1
480,08:00,60 min,Auto,774,1
480,08:00,60 min,Auto,776,1
480,08:00,60 min,Auto,786,1
480,08:00,60 min,Auto,801,1
480,08:00,60 min,Auto,803,1
480,08:00,60 min,Auto,807,1
480,08:00,60 min,Auto,815,1
480,08:00,60 min,Auto,822,1
480,08:00,60 min,Auto,825,1
480,08:00,60 min,Auto,827,1
480,08:00,60 min,Auto,828,1
480,08:00,60 min,Auto,842,1
480,08:00,60 min,Auto,843,1
480,08:00,60 min,Auto,857,1
480,08:00,60 min,Auto,869,1
480,08:00,60 min,Auto,874,1
480,08:00,60 min,Auto,883,1
480,08:00,60 min,Auto,894,1
480,08:00,60 min,Auto,899,1
480,08:00,60 min,Auto,903,1
480,08:00,60 min,Auto,908,1
480,08:00,60 min,Auto,910,1
480,08:00,60 min,Auto,912,1
480,08:00,60 min,Auto,923,1
480,08:00,60 min,Auto,924,1
480,08:00,60 min,Auto,937,1
480,08:00,60 min,Auto,940,1
480,08:00,60 min,Auto,943,1
480,08:00,60 min,Auto,956,1
480,08:00,60 min,Auto,958,1
480,08:00,60 min,Auto,962,1
480,08:00,60 min,Auto,971,1
480,08:00,60 min,Auto,979,1
480,08:00,60 min,Auto,987,1
480,08:00,60 min,Auto,992,1
480,08:00,60 min,Auto,995,1
480,08:00,60 min,Metro,2,1
480,08:00,60 min,Metro,15,1
480,08:00,60 min,Metro,17,1
480,08:00,60 min,Metro,21,1
480,08:00,60 min,Metro,62,1
480,08:00,60 min,Metro,67,1
480,08:00,60 min,Metro,78,1
480,08:00,60 min,Metro,85,1
480,08:00,60 min,Metro,93,1
480,08:00,60 min,Metro,95,1
480,08:00,60 min,Metro,115,1
480,08:00,60 min,Metro,123,1
480,08:00,60 min,Metro,141,1
480,08:00,60 min,Metro,144,1
480,08:00,60 min,Metro,146,1
480,08:00,60 min,Metro,154,1
480,08:00,60 min,Metro,161,1
480,08:00,60 min,Metro,183,1
480,08:00,60 min,Metro,192,1
480,08:00,60 min,Metro,196,1
480,08:00,60 min,Metro,197,1
480,08:00,60 min,Metro,203,1
480,08:00,60 min,Metro,204,1
480,08:00,60 min,Metro,232,1
480,08:00,60 min,Metro,254,1
480,08:00,60 min,Metro,258,1
480,08:00,60 min,Metro,273,1
480,08:00,60 min,Metro,284,1
480,08:00,60 min,Metro,298,1
480,08:00,60 min,Metro,299,1
480,08:00,60 min,Metro,302,1
480,08:00,60 min,Metro,323,1
480,08:00,60 min,Metro,354,1
480,08:00,60 min,Metro,388,1
480,08:00,60 min,Metro,405,1
480,08:00,60 min,Metro,427,1
480,08:00,60 min,Metro,449,1
480,08:00,60 min,Metro,457,1
480,08:00,60 min,Metro,481,1
480,08:00,60 min,Metro,490,1
480,08:00,60 min,Metro,501,1
480,08:00,60 min,Metro,526,1
480,08:00,60 min,Metro,546,1
480,08:00,60 min,Metro,666,1
480,08:00,60 min,Metro,697,1
480,08:00,60 min,Metro,754,1
480,08:00,60 min,Metro,762,1
480,08:00,60 min,Metro,769,1
480,08:00,60 min,Metro,779,1
480,08:00,60 min,Metro,785,1
480,08:00,60 min,Metro,789,1
480,08:00,60 min,Metro,802,1
480,08:00,60 min,Metro,808,1
480,08:00,60 min,Metro,816,1
480,08:00,60 min,Metro,830,1
480,08:00,60 min,Metro,838,1
480,08:00,60 min,Metro,840,1
480,08:00,60 min,Metro,847,1
480,08:00,60 min,Metro,854,1
480,08:00,60 min,Metro,889,1
480,08:00,60 min,Metro,919,1
480,08:00,60 min,Metro,931,1
480,08:00,60 min,Metro,938,1
480,08:00,60 min,Metro,997,1
480,08:00,60 min,Bici,30,1
480,08:00,60 min,Bici,42,1
480,08:00,60 min,Bici,44,1
480,08:00,60 min,Bici,105,1
480,08:00,60 min,Bici,129,1
480,08:00,60 min,Bici,180,1
480,08:00,60 min,Bici,190,1
480,08:00,60 min,Bici,198,1
480,08:00,60 min,Bici,199,1
480,08:00,60 min,Bici,210,1
480,08:00,60 min,Bici,234,1
480,08:00,60 min,Bici,239,1
480,08:00,60 min,Bici,240,1
480,08:00,60 min,Bici,244,1
480,08:00,60 min,Bici,247,1
480,08:00,60 min,Bici,248,1
480,08:00,60 min,Bici,270,1
480,08:00,60 min,Bici,333,1
480,08:00,60 min,Bici,356,1
480,08:00,60 min,Bici,382,1
480,08:00,60 min,Bici,396,1
480,08:00,60 min,Bici,408,1
480,08:00,60 min,Bici,448,1
480,08:00,60 min,Bici,455,1
480,08:00,60 min,Bici,478,1
480,08:00,60 min,Bici,489,1
480,08:00,60 min,Bici,503,1
480,08:00,60 min,Bici,506,1
480,08:00,60 min,Bici,535,1
480,08:00,60 min,Bici,560,1
480,08:00,60 min,Bici,564,1
480,08:00,60 min,Bici,569,1
480,08:00,60 min,Bici,572,1
480,08:00,60 min,Bici,578,1
480,08:00,60 min,Bici,586,1
480,08:00,60 min,Bici,587,1
480,08:00,60 min,Bici,597,1
480,08:00,60 min,Bici,619,1
480,08:00,60 min,Bici,626,1
480,08:00,60 min,Bici,636,1
480,08:00,60 min,Bici,653,1
480,08:00,60 min,Bici,662,1
480,08:00,60 min,Bici,667,1
480,08:00,60 min,Bici,677,1
480,08:00,60 min,Bici,694,1
480,08:00,60 min,Bici,698,1
480,08:00,60 min,Bici,734,1
480,08:00,60 min,Bici,738,1
480,08:00,60 min,Bici,744,1
480,08:00,60 min,Bici,745,1
480,08:00,60 min,Bici,760,1
480,08:00,60 min,Bici,813,1
480,08:00,60 min,Bici,834,1
480,08:00,60 min,Bici,850,1
480,08:00,60 min,Bici,900,1
480,08:00,60 min,Bici,913,1
480,08:00,60 min,Bici,954,1
480,08:00,60 min,Bici,984,1
480,08:00,60 min,Bici,986,1
480,08:00,60 min,Caminata,262,1
480,08:00,60 min,Caminata,336,1
480,08:00,60 min,Caminata,350,1
480,08:00,60 min,Caminata,352,1
480,08:00,60 min,Caminata,363,1
480,08:00,60 min,Caminata,368,1
480,08:00,60 min,Caminata,383,1
480,08:00,60 min,Caminata,393,1
480,08:00,60 min,Caminata,401,1
480,08:00,60 min,Caminata,407,1
480,08:00,60 min,Caminata,426,1
480,08:00,60 min,Caminata,428,1
480,08:00,60 min,Caminata,430,1
480,08:00,60 min,Caminata,435,1
480,08:00,60 min,Caminata,437,1
480,08:00,60 min,Caminata,439,1
480,08:00,60 min,Caminata,444,1
480,08:00,60 min,Caminata,480,1
480,08:00,60 min,Caminata,483,1
480,08:00,60 min,Caminata,495,1
480,08:00,60 min,Caminata,498,1
480,08:00,60 min,Caminata,510,1
480,08:00,60 min,Caminata,511,1
480,08:00,60 min,Caminata,522,1
480,08:00,60 min,Caminata,524,1
480,08:00,60 min,Caminata,528,1
480,08:00,60 min,Caminata,529,1
480,08:00,60 min,Caminata,533,1
480,08:00,60 min,Caminata,539,1
480,08:00,60 min,Caminata,550,1
480,08:00,60 min,Caminata,554,1
480,08:00,60 min,Caminata,573,1
480,08:00,60 min,Caminata,579,1
480,08:00,60 min,Caminata,582,1
480,08:00,60 min,Caminata,592,1
480,08:00,60 min,Caminata,596,1
480,08:00,60 min,Caminata,598,1
480,08:00,60 min,Caminata,608,1
480,08:00,60 min,Caminata,647,1
480,08:00,60 min,Caminata,691,1
480,08:00,60 min,Caminata,713,1
480,08:00,60 min,Caminata,721,1
480,08:00,60 min,Caminata,722,1
540,09:00,60 min,Auto,12,1
540,09:00,60 min,Auto,40,1
540,09:00,60 min,Auto,71,1
540,09:00,60 min,Auto,82,1
540,09:00,60 min,Auto,90,1
540,09:00,60 min,Auto,109,1
540,09:00,60 min,Auto,114,1
540,09:00,60 min,Auto,162,1
540,09:00,60 min,Auto,189,1
540,09:00,60 min,Auto,219,1
540,09:00,60 min,Auto,235,1
540,09:00,60 min,Auto,237,1
540,09:00,60 min,Auto,251,1
540,09:00,60 min,Auto,307,1
540,09:00,60 min,Auto,324,1
540,09:00,60 min,Auto,337,1
540,09:00,60 min,Auto,345,1
540,09:00,60 min,Auto,353,1
540,09:00,60 min,Auto,357,1
540,09:00,60 min,Auto,361,1
540,09:00,60 min,Auto,365,1
540,09:00,60 min,Auto,404,1
540,09:00,60 min,Auto,431,1
540,09:00,60 min,Auto,458,1
540,09:00,60 min,Auto,472,1
540,09:00,60 min,Auto,476,1
540,09:00,60 min,Auto,479,1
540,09:00,60 min,Auto,497,1
540,09:00,60 min,Auto,516,1
540,09:00,60 min,Auto,525,1
540,09:00,60 min,Auto,553,1
540,09:00,60 min,Auto,589,1
540,09:00,60 min,Auto,594,1
540,09:00,60 min,Auto,623,1
540,09:00,60 min,Auto,629,1
540,09:00,60 min,Auto,660,1
540,09:00,60 min,Auto,664,1
540,09:00,60 min,Auto,668,1
540,09:00,60 min,Auto,675,1
540,09:00,60 min,Auto,678,1
540,09:00,60 min,Auto,688,1
540,09:00,60 min,Auto,693,1
540,09:00,60 min,Auto,699,1
540,09:00,60 min,Auto,717,1
540,09:00,60 min,Auto,729,1
540,09:00,60 min,Auto,797,1
540,09:00,60 min,Auto,846,1
540,09:00,60 min,Auto,864,1
540,09:00,60 min,Auto,897,1
540,09:00,60 min,Auto,905,1
540,09:00,60 min,Auto,933,1
540,09:00,60 min,Auto,941,1
540,09:00,60 min,Auto,947,1
540,09:00,60 min,Auto,961,1
540,09:00,60 min,Auto,967,1
540,09:00,60 min,Auto,976,1
540,09:00,60 min,Auto,985,1
540,09:00,60 min,Metro,314,1
540,09:00,60 min,Metro,603,1
540,09:00,60 min,Bici,50,1
540,09:00,60 min,Bici,81,1
540,09:00,60 min,Bici,351,1
540,09:00,60 min,Bici,473,1
540,09:00,60 min,Bici,696,1
540,09:00,60 min,Bici,704,1
540,09:00,60 min,Bici,777,1
540,09:00,60 min,Caminata,371,1
540,09:00,60 min,Caminata,438,1
540,09:00,60 min,Caminata,562,1
540,09:00,60 min,Caminata,575,1
600,10:00,60 min,Auto,27,1
600,10:00,60 min,Auto,58,1
600,10:00,60 min,Auto,107,1
600,10:00,60 min,Auto,119,1
600,10:00,60 min,Auto,591,1
600,10:00,60 min,Auto,765,1
600,10:00,60 min,Auto,885,1
600,10:00,60 min,Auto,946,1
600,10:00,60 min,Bici,174,1
600,10:00,60 min,Bici,504,1
600,10:00,60 min,Caminata,385,1
660,11:00,60 min,Auto,287,1
660,11:00,60 min,Auto,443,1
660,11:00,60 min,Auto,812,1
720,12:00,60 min,Auto,386,1
