Minuto,Hora,Modo,Celda,Cantidad
360,06:00,Auto,64,1
360,06:00,Auto,344,1
360,06:00,Auto,778,1
360,06:00,Auto,844,1
360,06:00,Auto,895,1
360,06:00,Metro,56,1
360,06:00,Metro,469,1
360,06:00,Metro,972,1
360,06:00,Bici,451,1
360,06:00,Bici,968,1
420,07:00,Auto,43,1
420,07:00,Auto,53,1
420,07:00,Auto,117,1
420,07:00,Auto,132,1
420,07:00,Auto,147,1
420,07:00,Auto,172,1
420,07:00,Auto,231,1
420,07:00,Auto,297,1
420,07:00,Auto,412,1
420,07:00,Auto,454,1
420,07:00,Auto,600,1
420,07:00,Auto,628,1
420,07:00,Auto,645,1
420,07:00,Auto,686,1
420,07:00,Auto,687,1
420,07:00,Auto,705,1
420,07:00,Auto,707,1
420,07:00,Auto,708,1
420,07:00,Auto,716,1
420,07:00,Auto,723,1
420,07:00,Auto,772,1
420,07:00,Auto,800,1
420,07:00,Auto,814,1
420,07:00,Auto,853,1
420,07:00,Auto,856,1
420,07:00,Auto,861,1
420,07:00,Auto,880,1
420,07:00,Auto,902,1
420,07:00,Auto,917,1
420,07:00,Auto,926,1
420,07:00,Auto,969,1
420,07:00,Auto,970,1
420,07:00,Metro,0,1
420,07:00,Metro,3,1
420,07:00,Metro,4,1
420,07:00,Metro,6,1
420,07:00,Metro,29,1
420,07:00,Metro,35,1
420,07:00,Metro,45,1
420,07:00,Metro,46,1
420,07:00,Metro,65,1
420,07:00,Metro,66,1
420,07:00,Metro,73,1
420,07:00,Metro,87,1
420,07:00,Metro,89,1
420,07:00,Metro,92,1
420,07:00,Metro,100,1
420,07:00,Metro,102,1
420,07:00,Metro,110,1
420,07:00,Metro,112,1
420,07:00,Metro,121,1
420,07:00,Metro,122,1
420,07:00,Metro,140,1
420,07:00,Metro,149,1
420,07:00,Metro,155,1
420,07:00,Metro,158,1
420,07:00,Metro,159,1
420,07:00,Metro,163,1
420,07:00,Metro,169,1
420,07:00,Metro,170,1
420,07:00,Metro,173,1
420,07:00,Metro,176,1
420,07:00,Metro,193,1
420,07:00,Metro,194,1
420,07:00,Metro,208,1
420,07:00,Metro,212,1
420,07:00,Metro,217,1
420,07:00,Metro,223,1
420,07:00,Metro,226,1
420,07:00,Metro,228,1
420,07:00,Metro,229,1
420,07:00,Metro,246,1
420,07:00,Metro,250,1
420,07:00,Metro,255,1
420,07:00,Metro,257,1
420,07:00,Metro,266,1
420,07:00,Metro,274,1
420,07:00,Metro,278,1
420,07:00,Metro,279,1
420,07:00,Metro,321,1
420,07:00,Metro,325,1
420,07:00,Metro,355,1
420,07:00,Metro,360,1
420,07:00,Metro,384,1
420,07:00,Metro,391,1
420,07:00,Metro,392,1
420,07:00,Metro,398,1
420,07:00,Metro,409,1
420,07:00,Metro,421,1
420,07:00,Metro,467,1
420,07:00,Metro,484,1
420,07:00,Metro,492,1
420,07:00,Metro,507,1
420,07:00,Metro,508,1
420,07:00,Metro,513,1
420,07:00,Metro,514,1
420,07:00,Metro,530,1
420,07:00,Metro,531,1
420,07:00,Metro,537,1
420,07:00,Metro,558,1
420,07:00,Metro,559,1
420,07:00,Metro,561,1
420,07:00,Metro,595,1
420,07:00,Metro,604,1
420,07:00,Metro,612,1
420,07:00,Metro,622,1
420,07:00,Metro,640,1
420,07:00,Metro,649,1
420,07:00,Metro,655,1
420,07:00,Metro,669,1
420,07:00,Metro,672,1
420,07:00,Metro,682,1
420,07:00,Metro,700,1
420,07:00,Metro,715,1
420,07:00,Metro,724,1
420,07:00,Metro,727,1
420,07:00,Metro,737,1
420,07:00,Metro,740,1
420,07:00,Metro,746,1
420,07:00,Metro,757,1
420,07:00,Metro,759,1
420,07:00,Metro,768,1
420,07:00,Metro,773,1
420,07:00,Metro,775,1
420,07:00,Metro,784,1
420,07:00,Metro,788,1
420,07:00,Metro,794,1
420,07:00,Metro,796,1
420,07:00,Metro,804,1
420,07:00,Metro,832,1
420,07:00,Metro,833,1
420,07:00,Metro,836,1
420,07:00,Metro,863,1
420,07:00,Metro,865,1
420,07:00,Metro,871,1
420,07:00,Metro,896,1
420,07:00,Metro,898,1
420,07:00,Metro,901,1
420,07:00,Metro,904,1
420,07:00,Metro,907,1
420,07:00,Metro,920,1
420,07:00,Metro,939,1
420,07:00,Metro,952,1
420,07:00,Metro,957,1
420,07:00,Metro,964,1
420,07:00,Metro,973,1
420,07:00,Metro,978,1
420,07:00,Metro,988,1
420,07:00,Metro,990,1
420,07:00,Metro,993,1
420,07:00,Metro,994,1
420,07:00,Metro,996,1
420,07:00,Metro,998,1
420,07:00,Metro,999,1
420,07:00,Bici,5,1
420,07:00,Bici,18,1
420,07:00,Bici,23,1
420,07:00,Bici,33,1
420,07:00,Bici,61,1
420,07:00,Bici,86,1
420,07:00,Bici,91,1
420,07:00,Bici,96,1
420,07:00,Bici,97,1
420,07:00,Bici,101,1
420,07:00,Bici,104,1
420,07:00,Bici,108,1
420,07:00,Bici,126,1
420,07:00,Bici,127,1
420,07:00,Bici,131,1
420,07:00,Bici,134,1
420,07:00,Bici,135,1
420,07:00,Bici,136,1
420,07:00,Bici,139,1
420,07:00,Bici,143,1
420,07:00,Bici,150,1
420,07:00,Bici,152,1
420,07:00,Bici,156,1
420,07:00,Bici,157,1
420,07:00,Bici,167,1
420,07:00,Bici,168,1
420,07:00,Bici,175,1
420,07:00,Bici,177,1
420,07:00,Bici,184,1
420,07:00,Bici,185,1
420,07:00,Bici,186,1
420,07:00,Bici,195,1
420,07:00,Bici,202,1
420,07:00,Bici,211,1
420,07:00,Bici,213,1
420,07:00,Bici,215,1
420,07:00,Bici,220,1
420,07:00,Bici,236,1
420,07:00,Bici,238,1
420,07:00,Bici,252,1
420,07:00,Bici,261,1
420,07:00,Bici,281,1
420,07:00,Bici,282,1
420,07:00,Bici,293,1
420,07:00,Bici,295,1
420,07:00,Bici,296,1
420,07:00,Bici,300,1
420,07:00,Bici,301,1
420,07:00,Bici,304,1
420,07:00,Bici,305,1
420,07:00,Bici,310,1
420,07:00,Bici,313,1
420,07:00,Bici,315,1
420,07:00,Bici,327,1
420,07:00,Bici,340,1
420,07:00,Bici,349,1
420,07:00,Bici,376,1
420,07:00,Bici,394,1
420,07:00,Bici,453,1
420,07:00,Bici,471,1
420,07:00,Bici,475,1
420,07:00,Bici,502,1
420,07:00,Bici,532,1
420,07:00,Bici,543,1
420,07:00,Bici,544,1
420,07:00,Bici,549,1
420,07:00,Bici,551,1
420,07:00,Bici,557,1
420,07:00,Bici,577,1
420,07:00,Bici,605,1
420,07:00,Bici,610,1
420,07:00,Bici,614,1
420,07:00,Bici,632,1
420,07:00,Bici,633,1
420,07:00,Bici,651,1
420,07:00,Bici,652,1
420,07:00,Bici,657,1
420,07:00,Bici,661,1
420,07:00,Bici,718,1
420,07:00,Bici,720,1
420,07:00,Bici,741,1
420,07:00,Bici,742,1
420,07:00,Bici,743,1
420,07:00,Bici,749,1
420,07:00,Bici,752,1
420,07:00,Bici,755,1
420,07:00,Bici,763,1
420,07:00,Bici,764,1
420,07:00,Bici,767,1
420,07:00,Bici,771,1
420,07:00,Bici,782,1
420,07:00,Bici,793,1
420,07:00,Bici,798,1
420,07:00,Bici,806,1
420,07:00,Bici,809,1
420,07:00,Bici,810,1
420,07:00,Bici,811,1
420,07:00,Bici,817,1
420,07:00,Bici,819,1
420,07:00,Bici,821,1
420,07:00,Bici,823,1
420,07:00,Bici,824,1
420,07:00,Bici,837,1
420,07:00,Bici,841,1
420,07:00,Bici,848,1
420,07:00,Bici,851,1
420,07:00,Bici,858,1
420,07:00,Bici,859,1
420,07:00,Bici,860,1
420,07:00,Bici,867,1
420,07:00,Bici,870,1
420,07:00,Bici,875,1
420,07:00,Bici,876,1
420,07:00,Bici,879,1
420,07:00,Bici,881,1
420,07:00,Bici,888,1
420,07:00,Bici,892,1
420,07:00,Bici,906,1
420,07:00,Bici,909,1
420,07:00,Bici,915,1
420,07:00,Bici,918,1
420,07:00,Bici,921,1
420,07:00,Bici,927,1
420,07:00,Bici,930,1
420,07:00,Bici,934,1
420,07:00,Bici,942,1
420,07:00,Bici,944,1
420,07:00,Bici,951,1
420,07:00,Bici,953,1
420,07:00,Bici,955,1
420,07:00,Bici,959,1
420,07:00,Bici,965,1
420,07:00,Bici,980,1
420,07:00,Bici,981,1
420,07:00,Bici,989,1
420,07:00,Caminata,260,1
420,07:00,Caminata,263,1
420,07:00,Caminata,276,1
420,07:00,Caminata,277,1
420,07:00,Caminata,285,1
420,07:00,Caminata,311,1
420,07:00,Caminata,316,1
420,07:00,Caminata,319,1
420,07:00,Caminata,322,1
420,07:00,Caminata,328,1
420,07:00,Caminata,329,1
420,07:00,Caminata,335,1
420,07:00,Caminata,342,1
420,07:00,Caminata,359,1
420,07:00,Caminata,378,1
420,07:00,Caminata,395,1
420,07:00,Caminata,403,1
420,07:00,Caminata,416,1
420,07:00,Caminata,417,1
420,07:00,Caminata,423,1
420,07:00,Caminata,436,1
420,07:00,Caminata,440,1
420,07:00,Caminata,441,1
420,07:00,Caminata,446,1
420,07:00,Caminata,450,1
420,07:00,Caminata,452,1
420,07:00,Caminata,456,1
420,07:00,Caminata,462,1
420,07:00,Caminata,468,1
420,07:00,Caminata,482,1
420,07:00,Caminata,494,1
420,07:00,Caminata,499,1
420,07:00,Caminata,509,1
420,07:00,Caminata,515,1
420,07:00,Caminata,520,1
420,07:00,Caminata,523,1
420,07:00,Caminata,538,1
420,07:00,Caminata,541,1
420,07:00,Caminata,548,1
420,07:00,Caminata,552,1
420,07:00,Caminata,556,1
420,07:00,Caminata,566,1
420,07:00,Caminata,567,1
420,07:00,Caminata,571,1
420,07:00,Caminata,576,1
420,07:00,Caminata,580,1
420,07:00,Caminata,583,1
420,07:00,Caminata,601,1
420,07:00,Caminata,615,1
420,07:00,Caminata,625,1
420,07:00,Caminata,627,1
420,07:00,Caminata,630,1
420,07:00,Caminata,644,1
420,07:00,Caminata,646,1
420,07:00,Caminata,648,1
420,07:00,Caminata,650,1
420,07:00,Caminata,663,1
420,07:00,Caminata,676,1
420,07:00,Caminata,681,1
420,07:00,Caminata,683,1
420,07:00,Caminata,684,1
420,07:00,Caminata,689,1
420,07:00,Caminata,710,1
420,07:00,Caminata,711,1
420,07:00,Caminata,726,1
420,07:00,Caminata,732,1
420,07:00,Caminata,735,1
480,08:00,Auto,9,1
480,08:00,Auto,14,1
480,08:00,Auto,19,1
480,08:00,Auto,20,1
480,08:00,Auto,22,1
480,08:00,Auto,26,1
480,08:00,Auto,31,1
480,08:00,Auto,32,1
480,08:00,Auto,34,1
480,08:00,Auto,38,1
480,08:00,Auto,39,1
480,08:00,Auto,47,1
480,08:00,Auto,48,1
480,08:00,Auto,49,1
480,08:00,Auto,52,1
480,08:00,Auto,59,1
480,08:00,Auto,60,1
480,08:00,Auto,63,1
480,08:00,Auto,69,1
480,08:00,Auto,72,1
480,08:00,Auto,74,1
480,08:00,Auto,75,1
480,08:00,Auto,76,1
480,08:00,Auto,88,1
480,08:00,Auto,98,1
480,08:00,Auto,113,1
480,08:00,Auto,116,1
480,08:00,Auto,118,1
480,08:00,Auto,124,1
480,08:00,Auto,130,1
480,08:00,Auto,142,1
480,08:00,Auto,145,1
480,08:00,Auto,148,1
480,08:00,Auto,153,1
480,08:00,Auto,164,1
480,08:00,Auto,166,1
480,08:00,Auto,178,1
480,08:00,Auto,179,1
480,08:00,Auto,181,1
480,08:00,Auto,182,1
480,08:00,Auto,207,1
480,08:00,Auto,209,1
480,08:00,Auto,214,1
480,08:00,Auto,216,1
480,08:00,Auto,221,1
480,08:00,Auto,225,1
480,08:00,Auto,227,1
480,08:00,Auto,233,1
480,08:00,Auto,242,1
480,08:00,Auto,243,1
480,08:00,Auto,245,1
480,08:00,Auto,249,1
480,08:00,Auto,259,1
480,08:00,Auto,264,1
480,08:00,Auto,268,1
480,08:00,Auto,271,1
480,08:00,Auto,275,1
480,08:00,Auto,280,1
480,08:00,Auto,286,1
480,08:00,Auto,289,1
480,08:00,Auto,291,1
480,08:00,Auto,292,1
480,08:00,Auto,303,1
480,08:00,Auto,317,1
480,08:00,Auto,318,1
480,08:00,Auto,332,1
480,08:00,Auto,339,1
480,08:00,Auto,346,1
480,08:00,Auto,348,1
480,08:00,Auto,375,1
480,08:00,Auto,377,1
480,08:00,Auto,379,1
480,08:00,Auto,380,1
480,08:00,Auto,381,1
480,08:00,Auto,389,1
480,08:00,Auto,397,1
480,08:00,Auto,400,1
480,08:00,Auto,406,1
480,08:00,Auto,410,1
480,08:00,Auto,411,1
480,08:00,Auto,415,1
480,08:00,Auto,420,1
480,08:00,Auto,424,1
480,08:00,Auto,432,1
480,08:00,Auto,442,1
480,08:00,Auto,487,1
480,08:00,Auto,491,1
480,08:00,Auto,496,1
480,08:00,Auto,505,1
480,08:00,Auto,517,1
480,08:00,Auto,519,1
480,08:00,Auto,536,1
480,08:00,Auto,563,1
480,08:00,Auto,568,1
480,08:00,Auto,581,1
480,08:00,Auto,585,1
480,08:00,Auto,588,1
480,08:00,Auto,599,1
480,08:00,Auto,607,1
480,08:00,Auto,613,1
480,08:00,Auto,616,1
480,08:00,Auto,618,1
480,08:00,Auto,621,1
480,08:00,Auto,624,1
480,08:00,Auto,631,1
480,08:00,Auto,638,1
480,08:00,Auto,641,1
480,08:00,Auto,654,1
480,08:00,Auto,659,1
480,08:00,Auto,665,1
480,08:00,Auto,670,1
480,08:00,Auto,679,1
480,08:00,Auto,680,1
480,08:00,Auto,690,1
480,08:00,Auto,701,1
480,08:00,Auto,702,1
480,08:00,Auto,706,1
480,08:00,Auto,712,1
480,08:00,Auto,730,1
480,08:00,Auto,731,1
480,08:00,Auto,747,1
480,08:00,Auto,748,1
480,08:00,Auto,751,1
480,08:00,Auto,758,1
480,08:00,Auto,774,1
480,08:00,Auto,776,1
480,08:00,Auto,786,1
480,08:00,Auto,801,1
480,08:00,Auto,803,1
480,08:00,Auto,807,1
480,08:00,Auto,815,1
480,08:00,Auto,822,1
480,08:00,Auto,825,1
480,08:00,Auto,827,1
480,08:00,Auto,828,1
480,08:00,Auto,842,1
480,08:00,Auto,843,1
480,08:00,Auto,857,1
480,08:00,Auto,869,1
480,08:00,Auto,874,1
480,08:00,Auto,883,1
480,08:00,Auto,894,1
480,08:00,Auto,899,1
480,08:00,Auto,903,1
480,08:00,Auto,908,1
480,08:00,Auto,910,1
480,08:00,Auto,912,1
480,08:00,Auto,923,1
480,08:00,Auto,924,1
480,08:00,Auto,937,1
480,08:00,Auto,940,1
480,08:00,Auto,943,1
480,08:00,Auto,956,1
480,08:00,Auto,958,1
480,08:00,Auto,962,1
480,08:00,Auto,971,1
480,08:00,Auto,979,1
480,08:00,Auto,987,1
480,08:00,Auto,992,1
480,08:00,Auto,995,1
480,08:00,Metro,2,1
480,08:00,Metro,15,1
480,08:00,Metro,17,1
480,08:00,Metro,21,1
480,08:00,Metro,62,1
480,08:00,Metro,67,1
480,08:00,Metro,78,1
480,08:00,Metro,85,1
480,08:00,Metro,93,1
480,08:00,Metro,95,1
480,08:00,Metro,115,1
480,08:00,Metro,123,1
480,08:00,Metro,141,1
480,08:00,Metro,144,1
480,08:00,Metro,146,1
480,08:00,Metro,154,1
480,08:00,Metro,161,1
480,08:00,Metro,183,1
480,08:00,Metro,192,1
480,08:00,Metro,196,1
480,08:00,Metro,197,1
480,08:00,Metro,203,1
480,08:00,Metro,204,1
480,08:00,Metro,232,1
480,08:00,Metro,254,1
480,08:00,Metro,258,1
480,08:00,Metro,273,1
480,08:00,Metro,284,1
480,08:00,Metro,298,1
480,08:00,Metro,299,1
480,08:00,Metro,302,1
480,08:00,Metro,323,1
480,08:00,Metro,354,1
480,08:00,Metro,388,1
480,08:00,Metro,405,1
480,08:00,Metro,427,1
480,08:00,Metro,449,1
480,08:00,Metro,457,1
480,08:00,Metro,481,1
480,08:00,Metro,490,1
480,08:00,Metro,501,1
480,08:00,Metro,526,1
480,08:00,Metro,546,1
480,08:00,Metro,666,1
480,08:00,Metro,697,1
480,08:00,Metro,754,1
480,08:00,Metro,762,1
480,08:00,Metro,769,1
480,08:00,Metro,779,1
480,08:00,Metro,785,1
480,08:00,Metro,789,1
480,08:00,Metro,802,1
480,08:00,Metro,808,1
480,08:00,Metro,816,1
480,08:00,Metro,830,1
480,08:00,Metro,838,1
480,08:00,Metro,840,1
480,08:00,Metro,847,1
480,08:00,Metro,854,1
480,08:00,Metro,889,1
480,08:00,Metro,919,1
480,08:00,Metro,931,1
480,08:00,Metro,938,1
480,08:00,Metro,997,1
480,08:00,Bici,30,1
480,08:00,Bici,42,1
480,08:00,Bici,44,1
480,08:00,Bici,105,1
480,08:00,Bici,129,1
480,08:00,Bici,180,1
480,08:00,Bici,190,1
480,08:00,Bici,198,1
480,08:00,Bici,199,1
480,08:00,Bici,210,1
480,08:00,Bici,234,1
480,08:00,Bici,239,1
480,08:00,Bici,240,1
480,08:00,Bici,244,1
480,08:00,Bici,247,1
480,08:00,Bici,248,1
480,08:00,Bici,270,1
480,08:00,Bici,333,1
480,08:00,Bici,356,1
480,08:00,Bici,382,1
480,08:00,Bici,396,1
480,08:00,Bici,408,1
480,08:00,Bici,448,1
480,08:00,Bici,455,1
480,08:00,Bici,478,1
480,08:00,Bici,489,1
480,08:00,Bici,503,1
480,08:00,Bici,506,1
480,08:00,Bici,535,1
480,08:00,Bici,560,1
480,08:00,Bici,564,1
480,08:00,Bici,569,1
480,08:00,Bici,572,1
480,08:00,Bici,578,1
480,08:00,Bici,586,1
480,08:00,Bici,587,1
480,08:00,Bici,597,1
480,08:00,Bici,619,1
480,08:00,Bici,626,1
480,08:00,Bici,636,1
480,08:00,Bici,653,1
480,08:00,Bici,662,1
480,08:00,Bici,667,1
480,08:00,Bici,677,1
480,08:00,Bici,694,1
480,08:00,Bici,698,1
480,08:00,Bici,734,1
480,08:00,Bici,738,1
480,08:00,Bici,744,1
480,08:00,Bici,745,1
480,08:00,Bici,760,1
480,08:00,Bici,813,1
480,08:00,Bici,834,1
480,08:00,Bici,850,1
480,08:00,Bici,900,1
480,08:00,Bici,913,1
480,08:00,Bici,954,1
480,08:00,Bici,984,1
480,08:00,Bici,986,1
480,08:00,Caminata,262,1
480,08:00,Caminata,336,1
480,08:00,Caminata,350,1
480,08:00,Caminata,352,1
480,08:00,Caminata,363,1
480,08:00,Caminata,368,1
480,08:00,Caminata,383,1
480,08:00,Caminata,393,1
480,08:00,Caminata,401,1
480,08:00,Caminata,407,1
480,08:00,Caminata,426,1
480,08:00,Caminata,428,1
480,08:00,Caminata,430,1
480,08:00,Caminata,435,1
480,08:00,Caminata,437,1
480,08:00,Caminata,439,1
480,08:00,Caminata,444,1
480,08:00,Caminata,480,1
480,08:00,Caminata,483,1
480,08:00,Caminata,495,1
480,08:00,Caminata,498,1
480,08:00,Caminata,510,1
480,08:00,Caminata,511,1
480,08:00,Caminata,522,1
480,08:00,Caminata,524,1
480,08:00,Caminata,528,1
480,08:00,Caminata,529,1
480,08:00,Caminata,533,1
480,08:00,Caminata,539,1
480,08:00,Caminata,550,1
480,08:00,Caminata,554,1
480,08:00,Caminata,573,1
480,08:00,Caminata,579,1
480,08:00,Caminata,582,1
480,08:00,Caminata,592,1
480,08:00,Caminata,596,1
480,08:00,Caminata,598,1
480,08:00,Caminata,608,1
480,08:00,Caminata,647,1
480,08:00,Caminata,691,1
480,08:00,Caminata,713,1
480,08:00,Caminata,721,1
480,08:00,Caminata,722,1
540,09:00,Auto,12,1
540,09:00,Auto,40,1
540,09:00,Auto,71,1
540,09:00,Auto,82,1
540,09:00,Auto,90,1
540,09:00,Auto,109,1
540,09:00,Auto,114,1
540,09:00,Auto,162,1
540,09:00,Auto,189,1
540,09:00,Auto,219,1
540,09:00,Auto,235,1
540,09:00,Auto,237,1
540,09:00,Auto,251,1
540,09:00,Auto,307,1
540,09:00,Auto,324,1
540,09:00,Auto,337,1
540,09:00,Auto,345,1
540,09:00,Auto,353,1
540,09:00,Auto,357,1
540,09:00,Auto,361,1
540,09:00,Auto,365,1
540,09:00,Auto,404,1
540,09:00,Auto,431,1
540,09:00,Auto,458,1
540,09:00,Auto,472,1
540,09:00,Auto,476,1
540,09:00,Auto,479,1
540,09:00,Auto,497,1
540,09:00,Auto,516,1
540,09:00,Auto,525,1
540,09:00,Auto,553,1
540,09:00,Auto,589,1
540,09:00,Auto,594,1
540,09:00,Auto,623,1
540,09:00,Auto,629,1
540,09:00,Auto,660,1
540,09:00,Auto,664,1
540,09:00,Auto,668,1
540,09:00,Auto,675,1
540,09:00,Auto,678,1
540,09:00,Auto,688,1
540,09:00,Auto,693,1
540,09:00,Auto,699,1
540,09:00,Auto,717,1
540,09:00,Auto,729,1
540,09:00,Auto,797,1
540,09:00,Auto,846,1
540,09:00,Auto,864,1
540,09:00,Auto,897,1
540,09:00,Auto,905,1
540,09:00,Auto,933,1
540,09:00,Auto,941,1
540,09:00,Auto,947,1
540,09:00,Auto,961,1
540,09:00,Auto,967,1
540,09:00,Auto,976,1
540,09:00,Auto,985,1
540,09:00,Metro,314,1
540,09:00,Metro,603,1
540,09:00,Bici,50,1
540,09:00,Bici,81,1
540,09:00,Bici,351,1
540,09:00,Bici,473,1
540,09:00,Bici,696,1
540,09:00,Bici,704,1
540,09:00,Bici,777,1
540,09:00,Caminata,371,1
540,09:00,Caminata,438,1
540,09:00,Caminata,562,1
540,09:00,Caminata,575,1
600,10:00,Auto,27,1
600,10:00,Auto,58,1
600,10:00,Auto,107,1
600,10:00,Auto,119,1
600,10:00,Auto,591,1
600,10:00,Auto,765,1
600,10:00,Auto,885,1
600,10:00,Auto,946,1
600,10:00,Bici,174,1
600,10:00,Bici,504,1
600,10:00,Caminata,385,1
660,11:00,Auto,287,1
660,11:00,Auto,443,1
660,11:00,Auto,812,1
720,12:00,Auto,386,1
